vichleNo,url,productName,vendorCode,actualPrice,discountPrice
1,https://cdn.luxe.digital/media/20221114085628/best-electric-cars-kids-GMC-Sierra-Denali-pickup-truck-ride-on-luxe-digital-780x520.jpg.webp,GMC Sierra Denali,12345,1200,700
2,https://www.shutterstock.com/image-photo/child-driving-toy-car-park-600w-1980881090.jpg,GMC Denali,12347,1100,600
3,https://encrypted-tbn0.gstatic.com/images?q=tbn:ANd9GcT-7VlWsvG_VQwa9ivUDYAu3hu82eUlUltrHq2jl08W&s,GMC Car,12039,1200,700
4,https://encrypted-tbn0.gstatic.com/images?q=tbn:ANd9GcT-7VlWsvG_VQwa9ivUDYAu3hu82eUlUltrHq2jl08W&s,GMC Car,12039,1200,700
5,https://encrypted-tbn0.gstatic.com/images?q=tbn:ANd9GcRyovLgEv57kvC7RXPpooPUyF5mum-WspGz6wG8YcbPxMMAozyNFuGbiK4ZIH3hPXGAfDE&usqp=CAU,Fordi Carpi,12980,1900,1300
6,https://i.ebayimg.com/images/g/aJ8AAOSwLRBi-cKk/s-l500.jpg,Super Charged,10002,2200,1880
7,https://www.lego.com/cdn/cs/set/assets/blt81504fb9a6de1625/42070.jpg?fit=bounds&format=jpg&quality=80&width=1500&height=1500&dpr=1,All Terran Tow Truck,09321,3200,2800
8,https://encrypted-tbn0.gstatic.com/images?q=tbn:ANd9GcRS7pJ4vyBl_LuuZutbBShQDmeZhQA3bZfPWw&usqp=CAU,LEGO Technic Jeep Warangle,09111,3800,3200
9,https://cdn.rebrickable.com/media/thumbs/mocs/moc-79403.jpg/1000x800.jpg,LEGO MOC RC/PU Jeep,12094,3200,3000
10,https://www.lego.com/cdn/cs/set/assets/blte8d25d32409ac836/42122_Block_Standard_4.jpg?fit=crop&format=jpg&quality=80&width=635&height=440&dpr=1,Jeep Warangle,89012,4500,4200
11,https://s3-us-west-2.amazonaws.com/media.brothers-brick.com/2020/11/LEGO-Technic-42122-Jeep-Wrangler-9-1024x683.jpg,LEGO Technic Ultimate Jeep,99002,1700,1600
12,https://1.bp.blogspot.com/-wwvHUavl2CM/X8orDpy3q_I/AAAAAAAASYY/EwJc0DjjJ6Q9KAYQNSQCmtTziHzB515yQCLcBGAsYHQ/s1600/21-lego-technic-review-42122-jeep-wrangler.jpg,LEGO Wrangle The Ultimate,77110,3300,2900
13,https://encrypted-tbn0.gstatic.com/images?q=tbn:ANd9GcR5a-TL4fiDc8GIGKL8hTVWsFxcFtEF6HMjW_dS0d1LhFdNn-5Yq5hfiF_tdUvwlj9MxZE&usqp=CAU,New Volksvagan,66001,3100,3000
14,https://m.media-amazon.com/images/I/51X-qqSt9BL._AC_.jpg,LEGO Volksvagan Beetle,44120,2700,2500
15,https://i0.wp.com/thelegocarblog.com/wp-content/uploads/2016/03/screen-shot-2016-03-14-at-16-30-21.png?fit=633%2C460&ssl=1,Lego Jeep Warangle Rubicon,21008,1900,1850
16,https://www.lego.com/cdn/cs/set/assets/blt4f16fd457fb7e36e/42122_Block_Standard_5.jpg?fit=crop&format=jpg&quality=80&width=635&height=440&dpr=1,Jeep Warangle Technic,32091,2200,1950
17,https://encrypted-tbn0.gstatic.com/images?q=tbn:ANd9GcT5TNFnXiG6P05vPm36ImhISDF4gJcPselInA&usqp=CAU,LEGO Technic Jeep Warangle,32991,3400,3250
18,https://s3-us-west-2.amazonaws.com/media.brothers-brick.com/2020/11/LEGO-Technic-42122-Jeep-Wrangler-20-640x427.jpg,LEGO Technic Jeep Warangle,30991,4500,3700
19,https://www.lego.com/cdn/cs/set/assets/blt4f16fd457fb7e36e/42122_Block_Standard_5.jpg?fit=crop&format=jpg&quality=80&width=635&height=440&dpr=1,Jeep Warangle Technic,43012,3400,3200
20,https://blog.firestartoys.com/wp-content/uploads/2021/04/2021-03-29-16.37.35-1024x781.jpg,Jepp Warangle,34011,3500,3100
21,https://www.autoinfluence.com/wp-content/uploads/2016/12/Lego-Jeep-Rubicon.jpg,Lego Jeep Warangle,54011,5600,5200
22,https://encrypted-tbn0.gstatic.com/images?q=tbn:ANd9GcRaG4FDZvj3t-32w7d2rnFCtTxk_LbZTa9Ppw&usqp=CAU,Technic Jeep Warangle,10092,3100,2950
23,https://encrypted-tbn0.gstatic.com/images?q=tbn:ANd9GcSdPGiLo7oIzEmHj1Ke7vSANOunjDvH8TUtwT8Mt7PwkpVGC8N8G0PcjY4Ro7nhKYJ0Qek&usqp=CAU,Piece Lego Technic Batmobile,91101,3500,3450
24,https://live.staticflickr.com/65535/51633737303_096e49a616_b.jpg,The Batman Mobile,81001,3200,3150
25,https://encrypted-tbn0.gstatic.com/images?q=tbn:ANd9GcQFIixGLiVqfuuhFc2bGESL9GqXecSC-yVSkJO1eyuV2cdhuCgZP3VSobVEvJNFjl1KO_o&usqp=CAU,The Batman Rebrickable,81001,3650,3550
26,https://encrypted-tbn0.gstatic.com/images?q=tbn:ANd9GcSBX2a9ZrJujQdapgzKSB3-Bj8V5ayfJGbqpVUTURdCPwcRmQmtwG8STQMnIHDZ0_lMTrs&usqp=CAU,Wheels Jeep Warangle,72100,3600,3100
27,https://content.instructables.com/FLV/TTVR/HZCIX5JK/FLVTTVRHZCIX5JK.jpg?auto=webp&fit=bounds&frame=1&height=1024&width=1024auto=webp&frame=1&height=150,Technic Remote Controller Offroader,31101,3500,3450
28,https://cdn.rebrickable.com/media/thumbs/mocs/moc-28281.jpg/1000x800.jpg?1661092341.079337,Jeep Wrangle Expidition,93001,3150,2950
29,https://encrypted-tbn0.gstatic.com/images?q=tbn:ANd9GcS3brxEeWN_ta-kXFFxLl4yE2XI3Y6NTqHO__zbY3-KxicrYtVe55U1UqeVMCFJfaEg7oA&usqp=CAU,Jeep Warangle Expidition Rebrickable,54012,2980,2750
30,https://i.pinimg.com/736x/24/ab/78/24ab7802878f0a95a27efda3f1826827--brick-lego-jeep-grand-cherokee.jpg,The Mighty Jeep,21001,3900,3850
31,https://i.ebayimg.com/images/g/G2UAAOSweZNgvEzA/s-l1600.jpg,Hyro Blue Pearl,31012,3780,3250
32,https://1.bp.blogspot.com/-Q5UNWMFd9n0/X8osT37osVI/AAAAAAAASZs/lLNHSGc5GS8Qy1x4bDFV3_wwqWIwjnjHgCLcBGAsYHQ/s1800/31.jpg,Jeep Wrangle Elementry,34501,4500,4100
34,https://i0.wp.com/brickshow.com/wp-content/uploads/2020/12/42125_alt2.jpg?ssl=1,Technic Ferrari GTE,51302,3650,3540
35,https://encrypted-tbn0.gstatic.com/images?q=tbn:ANd9GcShvYrcYtc0BTlKmZu_Lk0tMslbr2TDjLwakQ&usqp=CAU,Mechanic Jeep Warangle Rubicon,10101,4500,4200
36,https://www.mall.cz/i/44202823/550/550,Jeep Warangle Vojensky,30134,3650,3450
37,https://encrypted-tbn0.gstatic.com/images?q=tbn:ANd9GcRb4fAd3fWGKrPUrseiSDAm2pzjoi7XVVUDC1iO6xA2Jf0FBMojvS2UybR7Vogzzv5g-iQ&usqp=CAU,Official LEGO,31025,4550,4350
38,https://encrypted-tbn0.gstatic.com/images?q=tbn:ANd9GcT4ZposRhr3PgPTtN-E8AJxA9aRg6ABSunycw&usqp=CAU,Furious Nissan  Skyline,72019,3850,3650
39,https://encrypted-tbn0.gstatic.com/images?q=tbn:ANd9GcTPdl_BvqP9dJ-pHDTtaLXbCpsjhp03EaZrUQ&usqp=CAU,LEGO Supports Car,39012,4000,2950
40,https://encrypted-tbn0.gstatic.com/images?q=tbn:ANd9GcTzyehWGYkwArMm03QysHIWquzr_bj8scKXLg&usqp=CAU,LEGO Ford Mustang,45321,3650,3580
41,https://cdn.motor1.com/images/mgl/rpGv1/s3/lego-creator-ford-mustang-set.jpg,Ford Mustang Creater Set,19023,4950,2780
42,https://encrypted-tbn0.gstatic.com/images?q=tbn:ANd9GcTryNzP9jmJv4-rLFTM9gEUOEsDiWchMXfz8A&usqp=CAU,LEGO Technic Race Car,12309,4500,4300
43,https://encrypted-tbn0.gstatic.com/images?q=tbn:ANd9GcQec5kyWzm7gyr2lSVRJinkeBY1ygDg68Etzg&usqp=CAU,LEGO Technic Fourmaula P Porsche,92102,3450,3250
44,https://i.ytimg.com/vi/GvPnXULRB-s/maxresdefault.jpg,LEGO Technic Motorbike,31045,3680,3350
45,https://i.ytimg.com/vi/UuQxctEQhLA/maxresdefault.jpg,LEGO Motorcycle Suspension,34501,3600,3550
46,https://encrypted-tbn0.gstatic.com/images?q=tbn:ANd9GcRhh2SFRg_AeMZ7zAWLIGi6FgodfMjVE1k0iw&usqp=CAU,LEGO IDEAS PullBack,56001,6500,6300
47,https://encrypted-tbn0.gstatic.com/images?q=tbn:ANd9GcRBHUl9mirw8TxSIveFBEaoIQTed04GJ6prug&usqp=CAU,The Brothers Brick,90341,5600,5400
48,https://encrypted-tbn0.gstatic.com/images?q=tbn:ANd9GcQpUG_ezTVwhiKIbwt8_GkU4TbtuzRnrUMV7w&usqp=CAU,Jay's Golden Dragon Motor Bike,39102,4500,4100
49,https://encrypted-tbn0.gstatic.com/images?q=tbn:ANd9GcROI1cUEmMUw5Kslh1Z-BXtR-VNYHfeSUC1nQ&usqp=CAU,Technic Motorcycle Building Set,49123,4500,4300
50,https://encrypted-tbn0.gstatic.com/images?q=tbn:ANd9GcTjG4mZ-N6J4K1l15nahJ6XiGA5QBVaKYwOpw&usqp=CAU,LEGO Technic BMW R GS,59321,4700,4650
51,https://cdn.luxe.digital/media/20221114085628/best-electric-cars-kids-GMC-Sierra-Denali-pickup-truck-ride-on-luxe-digital-780x520.jpg.webp,GMC Sierra Denali,12345,1200,700
52,https://www.shutterstock.com/image-photo/child-driving-toy-car-park-600w-1980881090.jpg,GMC Denali,1100,600
53,https://encrypted-tbn0.gstatic.com/images?q=tbn:ANd9GcT-7VlWsvG_VQwa9ivUDYAu3hu82eUlUltrHq2jl08W&s,GMC Car,12039,1200,700
54,https://encrypted-tbn0.gstatic.com/images?q=tbn:ANd9GcT-7VlWsvG_VQwa9ivUDYAu3hu82eUlUltrHq2jl08W&s,GMC Car,12039,1200,700
55,https://encrypted-tbn0.gstatic.com/images?q=tbn:ANd9GcRyovLgEv57kvC7RXPpooPUyF5mum-WspGz6wG8YcbPxMMAozyNFuGbiK4ZIH3hPXGAfDE&usqp=CAU,Fordi Carpi,12980,1900,1300
56,https://i.ebayimg.com/images/g/aJ8AAOSwLRBi-cKk/s-l500.jpg,Super Charged,10002,2200,1880
57,https://www.lego.com/cdn/cs/set/assets/blt81504fb9a6de1625/42070.jpg?fit=bounds&format=jpg&quality=80&width=1500&height=1500&dpr=1,All Terran Tow Truck,09321,3200,2800
58,https://encrypted-tbn0.gstatic.com/images?q=tbn:ANd9GcRS7pJ4vyBl_LuuZutbBShQDmeZhQA3bZfPWw&usqp=CAU,LEGO Technic Jeep Warangle,09111,3800,3200
59,https://cdn.rebrickable.com/media/thumbs/mocs/moc-79403.jpg/1000x800.jpg,LEGO MOC RC/PU Jeep,12094,3200,3000
60,https://www.lego.com/cdn/cs/set/assets/blte8d25d32409ac836/42122_Block_Standard_4.jpg?fit=crop&format=jpg&quality=80&width=635&height=440&dpr=1,Jeep Warangle,89012,4500,4200
61,https://i.ebayimg.com/images/g/G2UAAOSweZNgvEzA/s-l1600.jpg,Hyro Blue Pearl,31012,3780,3250
62,https://1.bp.blogspot.com/-Q5UNWMFd9n0/X8osT37osVI/AAAAAAAASZs/lLNHSGc5GS8Qy1x4bDFV3_wwqWIwjnjHgCLcBGAsYHQ/s1800/31.jpg,Jeep Wrangle Elementry,34501,4500,4100
63,https://i0.wp.com/brickshow.com/wp-content/uploads/2020/12/42125_alt2.jpg?ssl=1,Technic Ferrari GTE,51302,3650,3540
64,https://encrypted-tbn0.gstatic.com/images?q=tbn:ANd9GcShvYrcYtc0BTlKmZu_Lk0tMslbr2TDjLwakQ&usqp=CAU,Mechanic Jeep Warangle Rubicon,10101,4500,4200
65,https://www.mall.cz/i/44202823/550/550,Jeep Warangle Vojensky,30134,3650,3450
66,https://encrypted-tbn0.gstatic.com/images?q=tbn:ANd9GcRb4fAd3fWGKrPUrseiSDAm2pzjoi7XVVUDC1iO6xA2Jf0FBMojvS2UybR7Vogzzv5g-iQ&usqp=CAU,Official LEGO,31025,4550,4350
67,https://encrypted-tbn0.gstatic.com/images?q=tbn:ANd9GcT4ZposRhr3PgPTtN-E8AJxA9aRg6ABSunycw&usqp=CAU,Furious Nissan  Skyline,72019,3850,3650
68,https://encrypted-tbn0.gstatic.com/images?q=tbn:ANd9GcTPdl_BvqP9dJ-pHDTtaLXbCpsjhp03EaZrUQ&usqp=CAU,LEGO Supports Car,39012,4000,2950
69,https://encrypted-tbn0.gstatic.com/images?q=tbn:ANd9GcTzyehWGYkwArMm03QysHIWquzr_bj8scKXLg&usqp=CAU,LEGO Ford Mustang,45321,3650,3580
70,https://cdn.motor1.com/images/mgl/rpGv1/s3/lego-creator-ford-mustang-set.jpg,Ford Mustang Creater Set,19023,4950,2780
71,https://encrypted-tbn0.gstatic.com/images?q=tbn:ANd9GcTryNzP9jmJv4-rLFTM9gEUOEsDiWchMXfz8A&usqp=CAU,LEGO Technic Race Car,12309,4500,4300
72,https://encrypted-tbn0.gstatic.com/images?q=tbn:ANd9GcQec5kyWzm7gyr2lSVRJinkeBY1ygDg68Etzg&usqp=CAU,LEGO Technic Fourmaula P Porsche,92102,3450,3250
73,https://i.ytimg.com/vi/GvPnXULRB-s/maxresdefault.jpg,LEGO Technic Motorbike,31045,3680,3350
74,https://i.ytimg.com/vi/UuQxctEQhLA/maxresdefault.jpg,LEGO Motorcycle Suspension,34501,3600,3550
75,https://encrypted-tbn0.gstatic.com/images?q=tbn:ANd9GcRhh2SFRg_AeMZ7zAWLIGi6FgodfMjVE1k0iw&usqp=CAU,LEGO IDEAS PullBack,56001,6500,6300
76,https://encrypted-tbn0.gstatic.com/images?q=tbn:ANd9GcRBHUl9mirw8TxSIveFBEaoIQTed04GJ6prug&usqp=CAU,The Brothers Brick,90341,5600,5400
77,https://encrypted-tbn0.gstatic.com/images?q=tbn:ANd9GcQpUG_ezTVwhiKIbwt8_GkU4TbtuzRnrUMV7w&usqp=CAU,Jay's Golden Dragon Motor Bike,39102,4500,4100
78,https://encrypted-tbn0.gstatic.com/images?q=tbn:ANd9GcROI1cUEmMUw5Kslh1Z-BXtR-VNYHfeSUC1nQ&usqp=CAU,Technic Motorcycle Building Set,49123,4500,4300
79,https://cdn.luxe.digital/media/20221114085628/best-electric-cars-kids-GMC-Sierra-Denali-pickup-truck-ride-on-luxe-digital-780x520.jpg.webp,GMC Sierra Denali,12345,1200,700
80,https://www.shutterstock.com/image-photo/child-driving-toy-car-park-600w-1980881090.jpg,GMC Denali,12347,1100,600
81,https://encrypted-tbn0.gstatic.com/images?q=tbn:ANd9GcT-7VlWsvG_VQwa9ivUDYAu3hu82eUlUltrHq2jl08W&s,GMC Car,12039,1200,700
82,https://encrypted-tbn0.gstatic.com/images?q=tbn:ANd9GcT-7VlWsvG_VQwa9ivUDYAu3hu82eUlUltrHq2jl08W&s,GMC Car,12039,1200,700
83,https://encrypted-tbn0.gstatic.com/images?q=tbn:ANd9GcRyovLgEv57kvC7RXPpooPUyF5mum-WspGz6wG8YcbPxMMAozyNFuGbiK4ZIH3hPXGAfDE&usqp=CAU,Fordi Carpi,12980,1900,1300
84,https://i.ebayimg.com/images/g/aJ8AAOSwLRBi-cKk/s-l500.jpg,Super Charged,10002,2200,1880
85,https://www.lego.com/cdn/cs/set/assets/blt81504fb9a6de1625/42070.jpg?fit=bounds&format=jpg&quality=80&width=1500&height=1500&dpr=1,All Terran Tow Truck,09321,3200,2800
86,https://encrypted-tbn0.gstatic.com/images?q=tbn:ANd9GcRS7pJ4vyBl_LuuZutbBShQDmeZhQA3bZfPWw&usqp=CAU,LEGO Technic Jeep Warangle,09111,3800,3200
87,https://cdn.rebrickable.com/media/thumbs/mocs/moc-79403.jpg/1000x800.jpg,LEGO MOC RC/PU Jeep,12094,3200,3000
87,https://www.lego.com/cdn/cs/set/assets/blte8d25d32409ac836/42122_Block_Standard_4.jpg?fit=crop&format=jpg&quality=80&width=635&height=440&dpr=1,Jeep Warangle,89012,4500,4200
88,https://s3-us-west-2.amazonaws.com/media.brothers-brick.com/2020/11/LEGO-Technic-42122-Jeep-Wrangler-9-1024x683.jpg,LEGO Technic Ultimate Jeep,99002,1700,1600
89,https://1.bp.blogspot.com/-wwvHUavl2CM/X8orDpy3q_I/AAAAAAAASYY/EwJc0DjjJ6Q9KAYQNSQCmtTziHzB515yQCLcBGAsYHQ/s1600/21-lego-technic-review-42122-jeep-wrangler.jpg,LEGO Wrangle The Ultimate,77110,3300,2900
90,https://encrypted-tbn0.gstatic.com/images?q=tbn:ANd9GcR5a-TL4fiDc8GIGKL8hTVWsFxcFtEF6HMjW_dS0d1LhFdNn-5Yq5hfiF_tdUvwlj9MxZE&usqp=CAU,New Volksvagan,66001,3100,3000
91,https://m.media-amazon.com/images/I/51X-qqSt9BL._AC_.jpg,LEGO Volksvagan Beetle,44120,2700,2500
92,https://i0.wp.com/thelegocarblog.com/wp-content/uploads/2016/03/screen-shot-2016-03-14-at-16-30-21.png?fit=633%2C460&ssl=1,Lego Jeep Warangle Rubicon,21008,1900,1850
93,https://www.lego.com/cdn/cs/set/assets/blt4f16fd457fb7e36e/42122_Block_Standard_5.jpg?fit=crop&format=jpg&quality=80&width=635&height=440&dpr=1,Jeep Warangle Technic,32091,2200,1950
94,https://encrypted-tbn0.gstatic.com/images?q=tbn:ANd9GcT5TNFnXiG6P05vPm36ImhISDF4gJcPselInA&usqp=CAU,LEGO Technic Jeep Warangle,32991,3400,3250
95,https://s3-us-west-2.amazonaws.com/media.brothers-brick.com/2020/11/LEGO-Technic-42122-Jeep-Wrangler-20-640x427.jpg,LEGO Technic Jeep Warangle,30991,4500,3700
96,https://www.lego.com/cdn/cs/set/assets/blt4f16fd457fb7e36e/42122_Block_Standard_5.jpg?fit=crop&format=jpg&quality=80&width=635&height=440&dpr=1,Jeep Warangle Technic,43012,3400,3200
97,https://blog.firestartoys.com/wp-content/uploads/2021/04/2021-03-29-16.37.35-1024x781.jpg,Jepp Warangle,34011,3500,3100
98,https://www.lego.com/cdn/cs/set/assets/blt4f16fd457fb7e36e/42122_Block_Standard_5.jpg?fit=crop&format=jpg&quality=80&width=635&height=440&dpr=1,Jeep Warangle Technic,32091,2200,1950
99,https://encrypted-tbn0.gstatic.com/images?q=tbn:ANd9GcT5TNFnXiG6P05vPm36ImhISDF4gJcPselInA&usqp=CAU,LEGO Technic Jeep Warangle,32991,3400,3250
100,https://cdn.luxe.digital/media/20221114085628/best-electric-cars-kids-GMC-Sierra-Denali-pickup-truck-ride-on-luxe-digital-780x520.jpg.webp,GMC Sierra Denali,12345,1200,700
101,https://www.shutterstock.com/image-photo/child-driving-toy-car-park-600w-1980881090.jpg,GMC Denali,12347,1100,600
102,https://encrypted-tbn0.gstatic.com/images?q=tbn:ANd9GcT-7VlWsvG_VQwa9ivUDYAu3hu82eUlUltrHq2jl08W&s,GMC Car,12039,1200,700
103,https://encrypted-tbn0.gstatic.com/images?q=tbn:ANd9GcT-7VlWsvG_VQwa9ivUDYAu3hu82eUlUltrHq2jl08W&s,GMC Car,12039,1200,700
104,https://encrypted-tbn0.gstatic.com/images?q=tbn:ANd9GcRyovLgEv57kvC7RXPpooPUyF5mum-WspGz6wG8YcbPxMMAozyNFuGbiK4ZIH3hPXGAfDE&usqp=CAU,Fordi Carpi,12980,1900,1300
105,https://i.ebayimg.com/images/g/aJ8AAOSwLRBi-cKk/s-l500.jpg,Super Charged,10002,2200,1880
106,https://www.lego.com/cdn/cs/set/assets/blt81504fb9a6de1625/42070.jpg?fit=bounds&format=jpg&quality=80&width=1500&height=1500&dpr=1,All Terran Tow Truck,09321,3200,2800
107,https://encrypted-tbn0.gstatic.com/images?q=tbn:ANd9GcRS7pJ4vyBl_LuuZutbBShQDmeZhQA3bZfPWw&usqp=CAU,LEGO Technic Jeep Warangle,09111,3800,3200
108,https://cdn.rebrickable.com/media/thumbs/mocs/moc-79403.jpg/1000x800.jpg,LEGO MOC RC/PU Jeep,12094,3200,3000
109,https://www.lego.com/cdn/cs/set/assets/blte8d25d32409ac836/42122_Block_Standard_4.jpg?fit=crop&format=jpg&quality=80&width=635&height=440&dpr=1,Jeep Warangle,89012,4500,4200
110,https://cdn.luxe.digital/media/20221114085628/best-electric-cars-kids-GMC-Sierra-Denali-pickup-truck-ride-on-luxe-digital-780x520.jpg.webp,GMC Sierra Denali,12345,1200,700    
111,https://www.shutterstock.com/image-photo/child-driving-toy-car-park-600w-1980881090.jpg,GMC Denali,12347,1100,600    
112,https://encrypted-tbn0.gstatic.com/images?q=tbn:ANd9GcT-7VlWsvG_VQwa9ivUDYAu3hu82eUlUltrHq2jl08W&s,GMC Car,12039,1200,700    
113,https://encrypted-tbn0.gstatic.com/images?q=tbn:ANd9GcT-7VlWsvG_VQwa9ivUDYAu3hu82eUlUltrHq2jl08W&s,GMC Car,12039,1200,700    
114,https://encrypted-tbn0.gstatic.com/images?q=tbn:ANd9GcRyovLgEv57kvC7RXPpooPUyF5mum-WspGz6wG8YcbPxMMAozyNFuGbiK4ZIH3hPXGAfDE&usqp=CAU,Fordi Carpi,12980,1900,1300    
115,https://i.ebayimg.com/images/g/aJ8AAOSwLRBi-cKk/s-l500.jpg,Super Charged,10002,2200,1880    
116,https://www.lego.com/cdn/cs/set/assets/blt81504fb9a6de1625/42070.jpg?fit=bounds&format=jpg&quality=80&width=1500&height=1500&dpr=1,All Terran Tow Truck,09321,3200,2800    
117,https://s3-us-west-2.amazonaws.com/media.brothers-brick.com/2020/11/LEGO-Technic-42122-Jeep-Wrangler-9-1024x683.jpg,LEGO Technic Ultimate Jeep,99002,1700,1600    
118,https://1.bp.blogspot.com/-wwvHUavl2CM/X8orDpy3q_I/AAAAAAAASYY/EwJc0DjjJ6Q9KAYQNSQCmtTziHzB515yQCLcBGAsYHQ/s1600/21-lego-technic-review-42122-jeep-wrangler.jpg,LEGO Wrangle The Ultimate,77110,3300,2900    
119,https://encrypted-tbn0.gstatic.com/images?q=tbn:ANd9GcR5a-TL4fiDc8GIGKL8hTVWsFxcFtEF6HMjW_dS0d1LhFdNn-5Yq5hfiF_tdUvwlj9MxZE&usqp=CAU,New Volksvagan,66001,3100,3000    
120,https://m.media-amazon.com/images/I/51X-qqSt9BL._AC_.jpg,LEGO Volksvagan Beetle,44120,2700,2500    
121,https://i0.wp.com/thelegocarblog.com/wp-content/uploads/2016/03/screen-shot-2016-03-14-at-16-30-21.png?fit=633%2C460&ssl=1,Lego Jeep Warangle Rubicon,21008,1900,1850
122,https://www.lego.com/cdn/cs/set/assets/blt4f16fd457fb7e36e/42122_Block_Standard_5.jpg?fit=crop&format=jpg&quality=80&width=635&height=440&dpr=1,Jeep Warangle Technic,32091,2200,1950
123,https://encrypted-tbn0.gstatic.com/images?q=tbn:ANd9GcT5TNFnXiG6P05vPm36ImhISDF4gJcPselInA&usqp=CAU,LEGO Technic Jeep Warangle,32991,3400,3250
124,https://s3-us-west-2.amazonaws.com/media.brothers-brick.com/2020/11/LEGO-Technic-42122-Jeep-Wrangler-20-640x427.jpg,LEGO Technic Jeep Warangle,30991,4500,3700
125,https://www.lego.com/cdn/cs/set/assets/blt4f16fd457fb7e36e/42122_Block_Standard_5.jpg?fit=crop&format=jpg&quality=80&width=635&height=440&dpr=1,Jeep Warangle Technic,43012,3400,3200
126,https://blog.firestartoys.com/wp-content/uploads/2021/04/2021-03-29-16.37.35-1024x781.jpg,Jepp Warangle,34011,3500,3100
127,https://encrypted-tbn0.gstatic.com/images?q=tbn:ANd9GcS3brxEeWN_ta-kXFFxLl4yE2XI3Y6NTqHO__zbY3-KxicrYtVe55U1UqeVMCFJfaEg7oA&usqp=CAU,Jeep Warangle Expidition Rebrickable,54012,2980,2750
128,https://i.pinimg.com/736x/24/ab/78/24ab7802878f0a95a27efda3f1826827--brick-lego-jeep-grand-cherokee.jpg,The Mighty Jeep,21001,3900,3850
129,https://i.ebayimg.com/images/g/G2UAAOSweZNgvEzA/s-l1600.jpg,Hyro Blue Pearl,31012,3780,3250
130,https://1.bp.blogspot.com/-Q5UNWMFd9n0/X8osT37osVI/AAAAAAAASZs/lLNHSGc5GS8Qy1x4bDFV3_wwqWIwjnjHgCLcBGAsYHQ/s1800/31.jpg,Jeep Wrangle Elementry,34501,4500,4100
131,https://i0.wp.com/brickshow.com/wp-content/uploads/2020/12/42125_alt2.jpg?ssl=1,Technic Ferrari GTE,51302,3650,3540
132,https://encrypted-tbn0.gstatic.com/images?q=tbn:ANd9GcShvYrcYtc0BTlKmZu_Lk0tMslbr2TDjLwakQ&usqp=CAU,Mechanic Jeep Warangle Rubicon,10101,4500,4200
133,https://www.mall.cz/i/44202823/550/550,Jeep Warangle Vojensky,30134,3650,3450
134,https://encrypted-tbn0.gstatic.com/images?q=tbn:ANd9GcRb4fAd3fWGKrPUrseiSDAm2pzjoi7XVVUDC1iO6xA2Jf0FBMojvS2UybR7Vogzzv5g-iQ&usqp=CAU,Official LEGO,31025,4550,4350
135,https://encrypted-tbn0.gstatic.com/images?q=tbn:ANd9GcT4ZposRhr3PgPTtN-E8AJxA9aRg6ABSunycw&usqp=CAU,Furious Nissan  Skyline,72019,3850,3650
136,https://encrypted-tbn0.gstatic.com/images?q=tbn:ANd9GcTPdl_BvqP9dJ-pHDTtaLXbCpsjhp03EaZrUQ&usqp=CAU,LEGO Supports Car,39012,4000,2950
137,https://encrypted-tbn0.gstatic.com/images?q=tbn:ANd9GcRb4fAd3fWGKrPUrseiSDAm2pzjoi7XVVUDC1iO6xA2Jf0FBMojvS2UybR7Vogzzv5g-iQ&usqp=CAU,Official LEGO,31025,4550,4350
138,https://encrypted-tbn0.gstatic.com/images?q=tbn:ANd9GcT4ZposRhr3PgPTtN-E8AJxA9aRg6ABSunycw&usqp=CAU,Furious Nissan  Skyline,72019,3850,3650
139,https://encrypted-tbn0.gstatic.com/images?q=tbn:ANd9GcTPdl_BvqP9dJ-pHDTtaLXbCpsjhp03EaZrUQ&usqp=CAU,LEGO Supports Car,39012,4000,2950
140,https://encrypted-tbn0.gstatic.com/images?q=tbn:ANd9GcTzyehWGYkwArMm03QysHIWquzr_bj8scKXLg&usqp=CAU,LEGO Ford Mustang,45321,3650,3580
141,https://cdn.motor1.com/images/mgl/rpGv1/s3/lego-creator-ford-mustang-set.jpg,Ford Mustang Creater Set,19023,4950,2780
142,https://encrypted-tbn0.gstatic.com/images?q=tbn:ANd9GcTryNzP9jmJv4-rLFTM9gEUOEsDiWchMXfz8A&usqp=CAU,LEGO Technic Race Car,12309,4500,4300
143,https://encrypted-tbn0.gstatic.com/images?q=tbn:ANd9GcQec5kyWzm7gyr2lSVRJinkeBY1ygDg68Etzg&usqp=CAU,LEGO Technic Fourmaula P Porsche,92102,3450,3250
144,https://i.ytimg.com/vi/GvPnXULRB-s/maxresdefault.jpg,LEGO Technic Motorbike,31045,3680,3350
145,https://i.ytimg.com/vi/UuQxctEQhLA/maxresdefault.jpg,LEGO Motorcycle Suspension,34501,3600,3550
146,https://encrypted-tbn0.gstatic.com/images?q=tbn:ANd9GcRhh2SFRg_AeMZ7zAWLIGi6FgodfMjVE1k0iw&usqp=CAU,LEGO IDEAS PullBack,56001,6500,6300
147,https://encrypted-tbn0.gstatic.com/images?q=tbn:ANd9GcQFIixGLiVqfuuhFc2bGESL9GqXecSC-yVSkJO1eyuV2cdhuCgZP3VSobVEvJNFjl1KO_o&usqp=CAU,The Batman Rebrickable,81001,3650,3550
148,https://encrypted-tbn0.gstatic.com/images?q=tbn:ANd9GcSBX2a9ZrJujQdapgzKSB3-Bj8V5ayfJGbqpVUTURdCPwcRmQmtwG8STQMnIHDZ0_lMTrs&usqp=CAU,Wheels Jeep Warangle,72100,3600,3100
149,https://content.instructables.com/FLV/TTVR/HZCIX5JK/FLVTTVRHZCIX5JK.jpg?auto=webp&fit=bounds&frame=1&height=1024&width=1024auto=webp&frame=1&height=150,Technic Remote Controller Offroader,31101,3500,3450
150,https://cdn.rebrickable.com/media/thumbs/mocs/moc-28281.jpg/1000x800.jpg?1661092341.079337,Jeep Wrangle Expidition,93001,3150,2950
151,https://encrypted-tbn0.gstatic.com/images?q=tbn:ANd9GcS3brxEeWN_ta-kXFFxLl4yE2XI3Y6NTqHO__zbY3-KxicrYtVe55U1UqeVMCFJfaEg7oA&usqp=CAU,Jeep Warangle Expidition Rebrickable,54012,2980,2750
152,https://i.pinimg.com/736x/24/ab/78/24ab7802878f0a95a27efda3f1826827--brick-lego-jeep-grand-cherokee.jpg,The Mighty Jeep,21001,3900,3850
153,https://i.ebayimg.com/images/g/G2UAAOSweZNgvEzA/s-l1600.jpg,Hyro Blue Pearl,31012,3780,3250
154,https://1.bp.blogspot.com/-Q5UNWMFd9n0/X8osT37osVI/AAAAAAAASZs/lLNHSGc5GS8Qy1x4bDFV3_wwqWIwjnjHgCLcBGAsYHQ/s1800/31.jpg,Jeep Wrangle Elementry,34501,4500,4100
155,https://i0.wp.com/brickshow.com/wp-content/uploads/2020/12/42125_alt2.jpg?ssl=1,Technic Ferrari GTE,51302,3650,3540
156,https://encrypted-tbn0.gstatic.com/images?q=tbn:ANd9GcShvYrcYtc0BTlKmZu_Lk0tMslbr2TDjLwakQ&usqp=CAU,Mechanic Jeep Warangle Rubicon,10101,4500,4200
157,https://i.pinimg.com/736x/24/ab/78/24ab7802878f0a95a27efda3f1826827--brick-lego-jeep-grand-cherokee.jpg,The Mighty Jeep,21001,3900,3850
158,https://i.ebayimg.com/images/g/G2UAAOSweZNgvEzA/s-l1600.jpg,Hyro Blue Pearl,31012,3780,3250
159,https://1.bp.blogspot.com/-Q5UNWMFd9n0/X8osT37osVI/AAAAAAAASZs/lLNHSGc5GS8Qy1x4bDFV3_wwqWIwjnjHgCLcBGAsYHQ/s1800/31.jpg,Jeep Wrangle Elementry,34501,4500,4100
160,https://i0.wp.com/brickshow.com/wp-content/uploads/2020/12/42125_alt2.jpg?ssl=1,Technic Ferrari GTE,51302,3650,3540
161,https://encrypted-tbn0.gstatic.com/images?q=tbn:ANd9GcShvYrcYtc0BTlKmZu_Lk0tMslbr2TDjLwakQ&usqp=CAU,Mechanic Jeep Warangle Rubicon,10101,4500,4200
162,https://www.mall.cz/i/44202823/550/550,Jeep Warangle Vojensky,30134,3650,3450
163,https://encrypted-tbn0.gstatic.com/images?q=tbn:ANd9GcRb4fAd3fWGKrPUrseiSDAm2pzjoi7XVVUDC1iO6xA2Jf0FBMojvS2UybR7Vogzzv5g-iQ&usqp=CAU,Official LEGO,31025,4550,4350
164,https://encrypted-tbn0.gstatic.com/images?q=tbn:ANd9GcT4ZposRhr3PgPTtN-E8AJxA9aRg6ABSunycw&usqp=CAU,Furious Nissan  Skyline,72019,3850,3650
165,https://encrypted-tbn0.gstatic.com/images?q=tbn:ANd9GcTPdl_BvqP9dJ-pHDTtaLXbCpsjhp03EaZrUQ&usqp=CAU,LEGO Supports Car,39012,4000,2950
166,https://encrypted-tbn0.gstatic.com/images?q=tbn:ANd9GcTzyehWGYkwArMm03QysHIWquzr_bj8scKXLg&usqp=CAU,LEGO Ford Mustang,45321,3650,3580
167,https://cdn.motor1.com/images/mgl/rpGv1/s3/lego-creator-ford-mustang-set.jpg,Ford Mustang Creater Set,19023,4950,2780
168,https://encrypted-tbn0.gstatic.com/images?q=tbn:ANd9GcTryNzP9jmJv4-rLFTM9gEUOEsDiWchMXfz8A&usqp=CAU,LEGO Technic Race Car,12309,4500,4300
169,https://encrypted-tbn0.gstatic.com/images?q=tbn:ANd9GcQec5kyWzm7gyr2lSVRJinkeBY1ygDg68Etzg&usqp=CAU,LEGO Technic Fourmaula P Porsche,92102,3450,3250
170,https://i.ytimg.com/vi/GvPnXULRB-s/maxresdefault.jpg,LEGO Technic Motorbike,31045,3680,3350
171,https://i.ytimg.com/vi/UuQxctEQhLA/maxresdefault.jpg,LEGO Motorcycle Suspension,34501,3600,3550
172,https://encrypted-tbn0.gstatic.com/images?q=tbn:ANd9GcRhh2SFRg_AeMZ7zAWLIGi6FgodfMjVE1k0iw&usqp=CAU,LEGO IDEAS PullBack,56001,6500,6300
173,https://encrypted-tbn0.gstatic.com/images?q=tbn:ANd9GcRBHUl9mirw8TxSIveFBEaoIQTed04GJ6prug&usqp=CAU,The Brothers Brick,90341,5600,5400
174,https://encrypted-tbn0.gstatic.com/images?q=tbn:ANd9GcQpUG_ezTVwhiKIbwt8_GkU4TbtuzRnrUMV7w&usqp=CAU,Jay's Golden Dragon Motor Bike,39102,4500,4100
175,https://encrypted-tbn0.gstatic.com/images?q=tbn:ANd9GcROI1cUEmMUw5Kslh1Z-BXtR-VNYHfeSUC1nQ&usqp=CAU,Technic Motorcycle Building Set,49123,4500,4300
176,https://encrypted-tbn0.gstatic.com/images?q=tbn:ANd9GcTjG4mZ-N6J4K1l15nahJ6XiGA5QBVaKYwOpw&usqp=CAU,LEGO Technic BMW R GS,59321,4700,4200
177,https://encrypted-tbn0.gstatic.com/images?q=tbn:ANd9GcQFIixGLiVqfuuhFc2bGESL9GqXecSC-yVSkJO1eyuV2cdhuCgZP3VSobVEvJNFjl1KO_o&usqp=CAU,The Batman Rebrickable,81001,3650,3550
178,https://encrypted-tbn0.gstatic.com/images?q=tbn:ANd9GcSBX2a9ZrJujQdapgzKSB3-Bj8V5ayfJGbqpVUTURdCPwcRmQmtwG8STQMnIHDZ0_lMTrs&usqp=CAU,Wheels Jeep Warangle,72100,3600,3100
179,https://content.instructables.com/FLV/TTVR/HZCIX5JK/FLVTTVRHZCIX5JK.jpg?auto=webp&fit=bounds&frame=1&height=1024&width=1024auto=webp&frame=1&height=150,Technic Remote Controller Offroader,31101,3500,3450
180,https://cdn.rebrickable.com/media/thumbs/mocs/moc-28281.jpg/1000x800.jpg?1661092341.079337,Jeep Wrangle Expidition,93001,3150,2950
181,https://encrypted-tbn0.gstatic.com/images?q=tbn:ANd9GcS3brxEeWN_ta-kXFFxLl4yE2XI3Y6NTqHO__zbY3-KxicrYtVe55U1UqeVMCFJfaEg7oA&usqp=CAU,Jeep Warangle Expidition Rebrickable,54012,2980,2750
182,https://i.pinimg.com/736x/24/ab/78/24ab7802878f0a95a27efda3f1826827--brick-lego-jeep-grand-cherokee.jpg,The Mighty Jeep,21001,3900,3850
183,https://i.ebayimg.com/images/g/G2UAAOSweZNgvEzA/s-l1600.jpg,Hyro Blue Pearl,31012,3780,3250
184,https://1.bp.blogspot.com/-Q5UNWMFd9n0/X8osT37osVI/AAAAAAAASZs/lLNHSGc5GS8Qy1x4bDFV3_wwqWIwjnjHgCLcBGAsYHQ/s1800/31.jpg,Jeep Wrangle Elementry,34501,4500,4100
185,https://i0.wp.com/brickshow.com/wp-content/uploads/2020/12/42125_alt2.jpg?ssl=1,Technic Ferrari GTE,51302,3650,3540
186,https://encrypted-tbn0.gstatic.com/images?q=tbn:ANd9GcShvYrcYtc0BTlKmZu_Lk0tMslbr2TDjLwakQ&usqp=CAU,Mechanic Jeep Warangle Rubicon,10101,4500,4200
187,https://encrypted-tbn0.gstatic.com/images?q=tbn:ANd9GcQpUG_ezTVwhiKIbwt8_GkU4TbtuzRnrUMV7w&usqp=CAU,Jay's Golden Dragon Motor Bike,39102,4500,4100
189,https://encrypted-tbn0.gstatic.com/images?q=tbn:ANd9GcROI1cUEmMUw5Kslh1Z-BXtR-VNYHfeSUC1nQ&usqp=CAU,Technic Motorcycle Building Set,49123,4500,4300
190,https://encrypted-tbn0.gstatic.com/images?q=tbn:ANd9GcTjG4mZ-N6J4K1l15nahJ6XiGA5QBVaKYwOpw&usqp=CAU,LEGO Technic BMW R GS,59321,4700,4200
191,https://i.pinimg.com/736x/24/ab/78/24ab7802878f0a95a27efda3f1826827--brick-lego-jeep-grand-cherokee.jpg,The Mighty Jeep,21001,3900,3850
192,https://i.ebayimg.com/images/g/G2UAAOSweZNgvEzA/s-l1600.jpg,Hyro Blue Pearl,31012,3780,3250
193,https://1.bp.blogspot.com/-Q5UNWMFd9n0/X8osT37osVI/AAAAAAAASZs/lLNHSGc5GS8Qy1x4bDFV3_wwqWIwjnjHgCLcBGAsYHQ/s1800/31.jpg,Jeep Wrangle Elementry,34501,4500,4100
194,https://i0.wp.com/brickshow.com/wp-content/uploads/2020/12/42125_alt2.jpg?ssl=1,Technic Ferrari GTE,51302,3650,3540
197,https://encrypted-tbn0.gstatic.com/images?q=tbn:ANd9GcShvYrcYtc0BTlKmZu_Lk0tMslbr2TDjLwakQ&usqp=CAU,Mechanic Jeep Warangle Rubicon,10101,4500,4200
196,https://www.mall.cz/i/44202823/550/550,Jeep Warangle Vojensky,30134,3650,3450
197,https://encrypted-tbn0.gstatic.com/images?q=tbn:ANd9GcRb4fAd3fWGKrPUrseiSDAm2pzjoi7XVVUDC1iO6xA2Jf0FBMojvS2UybR7Vogzzv5g-iQ&usqp=CAU,Official LEGO,31025,4550,4350
198,https://encrypted-tbn0.gstatic.com/images?q=tbn:ANd9GcS3brxEeWN_ta-kXFFxLl4yE2XI3Y6NTqHO__zbY3-KxicrYtVe55U1UqeVMCFJfaEg7oA&usqp=CAU,Jeep Warangle Expidition Rebrickable,54012,2980,2750
199,https://i.pinimg.com/736x/24/ab/78/24ab7802878f0a95a27efda3f1826827--brick-lego-jeep-grand-cherokee.jpg,The Mighty Jeep,21001,3900,3850
200,https://i.ebayimg.com/images/g/G2UAAOSweZNgvEzA/s-l1600.jpg,Hyro Blue Pearl,31012,3780,3250
201,https://1.bp.blogspot.com/-Q5UNWMFd9n0/X8osT37osVI/AAAAAAAASZs/lLNHSGc5GS8Qy1x4bDFV3_wwqWIwjnjHgCLcBGAsYHQ/s1800/31.jpg,Jeep Wrangle Elementry,34501,4500,4100
202,https://i0.wp.com/brickshow.com/wp-content/uploads/2020/12/42125_alt2.jpg?ssl=1,Technic Ferrari GTE,51302,3650,3540
203,https://encrypted-tbn0.gstatic.com/images?q=tbn:ANd9GcShvYrcYtc0BTlKmZu_Lk0tMslbr2TDjLwakQ&usqp=CAU,Mechanic Jeep Warangle Rubicon,10101,4500,4200
204,https://www.mall.cz/i/44202823/550/550,Jeep Warangle Vojensky,30134,3650,3450
205,https://encrypted-tbn0.gstatic.com/images?q=tbn:ANd9GcRb4fAd3fWGKrPUrseiSDAm2pzjoi7XVVUDC1iO6xA2Jf0FBMojvS2UybR7Vogzzv5g-iQ&usqp=CAU,Official LEGO,31025,4550,4350
206,https://encrypted-tbn0.gstatic.com/images?q=tbn:ANd9GcT4ZposRhr3PgPTtN-E8AJxA9aRg6ABSunycw&usqp=CAU,Furious Nissan  Skyline,72019,3850,3650
207,https://encrypted-tbn0.gstatic.com/images?q=tbn:ANd9GcTPdl_BvqP9dJ-pHDTtaLXbCpsjhp03EaZrUQ&usqp=CAU,LEGO Supports Car,39012,4000,2950
208,https://i0.wp.com/thelegocarblog.com/wp-content/uploads/2016/03/screen-shot-2016-03-14-at-16-30-21.png?fit=633%2C460&ssl=1,Lego Jeep Warangle Rubicon,21008,1900,1850
209,https://www.lego.com/cdn/cs/set/assets/blt4f16fd457fb7e36e/42122_Block_Standard_5.jpg?fit=crop&format=jpg&quality=80&width=635&height=440&dpr=1,Jeep Warangle Technic,32091,2200,1950
210,https://encrypted-tbn0.gstatic.com/images?q=tbn:ANd9GcT5TNFnXiG6P05vPm36ImhISDF4gJcPselInA&usqp=CAU,LEGO Technic Jeep Warangle,32991,3400,3250
211,https://s3-us-west-2.amazonaws.com/media.brothers-brick.com/2020/11/LEGO-Technic-42122-Jeep-Wrangler-20-640x427.jpg,LEGO Technic Jeep Warangle,30991,4500,3700
212,https://www.lego.com/cdn/cs/set/assets/blt4f16fd457fb7e36e/42122_Block_Standard_5.jpg?fit=crop&format=jpg&quality=80&width=635&height=440&dpr=1,Jeep Warangle Technic,43012,3400,3200
213,https://blog.firestartoys.com/wp-content/uploads/2021/04/2021-03-29-16.37.35-1024x781.jpg,Jepp Warangle,34011,3500,3100
214,https://www.autoinfluence.com/wp-content/uploads/2016/12/Lego-Jeep-Rubicon.jpg,Lego Jeep Warangle,54011,5600,5200
215,https://encrypted-tbn0.gstatic.com/images?q=tbn:ANd9GcRaG4FDZvj3t-32w7d2rnFCtTxk_LbZTa9Ppw&usqp=CAU,Technic Jeep Warangle,10092,3100,2950
216,https://encrypted-tbn0.gstatic.com/images?q=tbn:ANd9GcSdPGiLo7oIzEmHj1Ke7vSANOunjDvH8TUtwT8Mt7PwkpVGC8N8G0PcjY4Ro7nhKYJ0Qek&usqp=CAU,Piece Lego Technic Batmobile,91101,3500,3450
217,https://live.staticflickr.com/65535/51633737303_096e49a616_b.jpg,The Batman Mobile,81001,3200,3150
218,https://encrypted-tbn0.gstatic.com/images?q=tbn:ANd9GcT5TNFnXiG6P05vPm36ImhISDF4gJcPselInA&usqp=CAU,LEGO Technic Jeep Warangle,32991,3400,3250
219,https://cdn.luxe.digital/media/20221114085628/best-electric-cars-kids-GMC-Sierra-Denali-pickup-truck-ride-on-luxe-digital-780x520.jpg.webp,GMC Sierra Denali,12345,1200,700
220,https://www.shutterstock.com/image-photo/child-driving-toy-car-park-600w-1980881090.jpg,GMC Denali,12347,1100,600
221,https://encrypted-tbn0.gstatic.com/images?q=tbn:ANd9GcT-7VlWsvG_VQwa9ivUDYAu3hu82eUlUltrHq2jl08W&s,GMC Car,12039,1200,700
222,https://encrypted-tbn0.gstatic.com/images?q=tbn:ANd9GcT-7VlWsvG_VQwa9ivUDYAu3hu82eUlUltrHq2jl08W&s,GMC Car,12039,1200,700
223,https://encrypted-tbn0.gstatic.com/images?q=tbn:ANd9GcRyovLgEv57kvC7RXPpooPUyF5mum-WspGz6wG8YcbPxMMAozyNFuGbiK4ZIH3hPXGAfDE&usqp=CAU,Fordi Carpi,12980,1900,1300
224,https://i.ebayimg.com/images/g/aJ8AAOSwLRBi-cKk/s-l500.jpg,Super Charged,10002,2200,1880
225,https://www.lego.com/cdn/cs/set/assets/blt81504fb9a6de1625/42070.jpg?fit=bounds&format=jpg&quality=80&width=1500&height=1500&dpr=1,All Terran Tow Truck,09321,3200,2800
226,https://encrypted-tbn0.gstatic.com/images?q=tbn:ANd9GcRS7pJ4vyBl_LuuZutbBShQDmeZhQA3bZfPWw&usqp=CAU,LEGO Technic Jeep Warangle,09111,3800,3200
227,https://cdn.rebrickable.com/media/thumbs/mocs/moc-79403.jpg/1000x800.jpg,LEGO MOC RC/PU Jeep,12094,3200,3000
228,https://www.lego.com/cdn/cs/set/assets/blte8d25d32409ac836/42122_Block_Standard_4.jpg?fit=crop&format=jpg&quality=80&width=635&height=440&dpr=1,Jeep Warangle,89012,4500,4200
229,https://s3-us-west-2.amazonaws.com/media.brothers-brick.com/2020/11/LEGO-Technic-42122-Jeep-Wrangler-9-1024x683.jpg,LEGO Technic Ultimate Jeep,99002,1700,1600
230,https://1.bp.blogspot.com/-wwvHUavl2CM/X8orDpy3q_I/AAAAAAAASYY/EwJc0DjjJ6Q9KAYQNSQCmtTziHzB515yQCLcBGAsYHQ/s1600/21-lego-technic-review-42122-jeep-wrangler.jpg,LEGO Wrangle The Ultimate,77110,3300,2900
231,https://encrypted-tbn0.gstatic.com/images?q=tbn:ANd9GcR5a-TL4fiDc8GIGKL8hTVWsFxcFtEF6HMjW_dS0d1LhFdNn-5Yq5hfiF_tdUvwlj9MxZE&usqp=CAU,New Volksvagan,66001,3100,3000
232,https://m.media-amazon.com/images/I/51X-qqSt9BL._AC_.jpg,LEGO Volksvagan Beetle,44120,2700,2500
233,https://encrypted-tbn0.gstatic.com/images?q=tbn:ANd9GcRhh2SFRg_AeMZ7zAWLIGi6FgodfMjVE1k0iw&usqp=CAU,LEGO IDEAS PullBack,56001,6500,6300
234,https://encrypted-tbn0.gstatic.com/images?q=tbn:ANd9GcRBHUl9mirw8TxSIveFBEaoIQTed04GJ6prug&usqp=CAU,The Brothers Brick,90341,5600,5400
235,https://encrypted-tbn0.gstatic.com/images?q=tbn:ANd9GcQpUG_ezTVwhiKIbwt8_GkU4TbtuzRnrUMV7w&usqp=CAU,Jay's Golden Dragon Motor Bike,39102,4500,4100
236,https://encrypted-tbn0.gstatic.com/images?q=tbn:ANd9GcROI1cUEmMUw5Kslh1Z-BXtR-VNYHfeSUC1nQ&usqp=CAU,Technic Motorcycle Building Set,49123,4500,4300
237,https://encrypted-tbn0.gstatic.com/images?q=tbn:ANd9GcTjG4mZ-N6J4K1l15nahJ6XiGA5QBVaKYwOpw&usqp=CAU,LEGO Technic BMW R GS,59321,4700,4200
238,https://i.pinimg.com/736x/24/ab/78/24ab7802878f0a95a27efda3f1826827--brick-lego-jeep-grand-cherokee.jpg,The Mighty Jeep,21001,3900,3850
239,https://i.ebayimg.com/images/g/G2UAAOSweZNgvEzA/s-l1600.jpg,Hyro Blue Pearl,31012,3780,3250
240,https://1.bp.blogspot.com/-Q5UNWMFd9n0/X8osT37osVI/AAAAAAAASZs/lLNHSGc5GS8Qy1x4bDFV3_wwqWIwjnjHgCLcBGAsYHQ/s1800/31.jpg,Jeep Wrangle Elementry,34501,4500,4100
241,https://i0.wp.com/brickshow.com/wp-content/uploads/2020/12/42125_alt2.jpg?ssl=1,Technic Ferrari GTE,51302,3650,3540
242,https://encrypted-tbn0.gstatic.com/images?q=tbn:ANd9GcShvYrcYtc0BTlKmZu_Lk0tMslbr2TDjLwakQ&usqp=CAU,Mechanic Jeep Warangle Rubicon,10101,4500,4200
243,https://www.mall.cz/i/44202823/550/550,Jeep Warangle Vojensky,30134,3650,3450
244,https://encrypted-tbn0.gstatic.com/images?q=tbn:ANd9GcRb4fAd3fWGKrPUrseiSDAm2pzjoi7XVVUDC1iO6xA2Jf0FBMojvS2UybR7Vogzzv5g-iQ&usqp=CAU,Official LEGO,31025,4550,4350
245,https://encrypted-tbn0.gstatic.com/images?q=tbn:ANd9GcT4ZposRhr3PgPTtN-E8AJxA9aRg6ABSunycw&usqp=CAU,Furious Nissan  Skyline,72019,3850,3650
246,https://encrypted-tbn0.gstatic.com/images?q=tbn:ANd9GcTPdl_BvqP9dJ-pHDTtaLXbCpsjhp03EaZrUQ&usqp=CAU,LEGO Supports Car,39012,4000,2950
247,https://encrypted-tbn0.gstatic.com/images?q=tbn:ANd9GcTzyehWGYkwArMm03QysHIWquzr_bj8scKXLg&usqp=CAU,LEGO Ford Mustang,45321,3650,3580
248,https://encrypted-tbn0.gstatic.com/images?q=tbn:ANd9GcQec5kyWzm7gyr2lSVRJinkeBY1ygDg68Etzg&usqp=CAU,LEGO Technic Fourmaula P Porsche,92102,3450,3250
249,https://i.ytimg.com/vi/GvPnXULRB-s/maxresdefault.jpg,LEGO Technic Motorbike,31045,3680,3350
250,https://i.ytimg.com/vi/UuQxctEQhLA/maxresdefault.jpg,LEGO Motorcycle Suspension,34501,3600,3550
251,https://encrypted-tbn0.gstatic.com/images?q=tbn:ANd9GcRyovLgEv57kvC7RXPpooPUyF5mum-WspGz6wG8YcbPxMMAozyNFuGbiK4ZIH3hPXGAfDE&usqp=CAU,Fordi Carpi,12980,1900,1300
252,https://i.ebayimg.com/images/g/aJ8AAOSwLRBi-cKk/s-l500.jpg,Super Charged,10002,2200,1880
253,https://www.lego.com/cdn/cs/set/assets/blt81504fb9a6de1625/42070.jpg?fit=bounds&format=jpg&quality=80&width=1500&height=1500&dpr=1,All Terran Tow Truck,09321,3200,2800